{"info": {"description": "Test dataset", "url": "no-url/datasets.com", "version": "1", "year": 2021, "contributor": "Yash Prakash", "date_created": "20/04/2021"}, "licenses": [{"url": "no-url/licenses.com", "id": 0, "name": "testing"}], "images": [{"license": 0, "file_name": "01.png", "width": 640, "height": 546, "id": 0}, {"license": 0, "file_name": "02.png", "width": 640, "height": 546, "id": 1}, {"license": 0, "file_name": "03.png", "width": 640, "height": 546, "id": 2}, {"license": 0, "file_name": "04.png", "width": 640, "height": 546, "id": 3}, {"license": 0, "file_name": "05.png", "width": 640, "height": 546, "id": 4}, {"license": 0, "file_name": "06.png", "width": 640, "height": 546, "id": 5}, {"license": 0, "file_name": "07.png", "width": 640, "height": 546, "id": 6}, {"license": 0, "file_name": "08.png", "width": 640, "height": 546, "id": 7}, {"license": 0, "file_name": "09.png", "width": 640, "height": 546, "id": 8}, {"license": 0, "file_name": "010.png", "width": 640, "height": 546, "id": 9}, {"license": 0, "file_name": "011.png", "width": 640, "height": 546, "id": 10}, {"license": 0, "file_name": "012.png", "width": 640, "height": 546, "id": 11}, {"license": 0, "file_name": "013.png", "width": 640, "height": 546, "id": 12}, {"license": 0, "file_name": "014.png", "width": 640, "height": 546, "id": 13}, {"license": 0, "file_name": "015.png", "width": 640, "height": 546, "id": 14}, {"license": 0, "file_name": "016.png", "width": 640, "height": 546, "id": 15}, {"license": 0, "file_name": "017.png", "width": 640, "height": 546, "id": 16}, {"license": 0, "file_name": "018.png", "width": 640, "height": 546, "id": 17}, {"license": 0, "file_name": "019.png", "width": 640, "height": 546, "id": 18}, {"license": 0, "file_name": "020.png", "width": 640, "height": 546, "id": 19}, {"license": 0, "file_name": "021.png", "width": 640, "height": 546, "id": 20}, {"license": 0, "file_name": "022.png", "width": 640, "height": 546, "id": 21}, {"license": 0, "file_name": "023.png", "width": 640, "height": 546, "id": 22}, {"license": 0, "file_name": "024.png", "width": 640, "height": 546, "id": 23}, {"license": 0, "file_name": "025.png", "width": 640, "height": 546, "id": 24}, {"license": 0, "file_name": "026.png", "width": 640, "height": 546, "id": 25}, {"license": 0, "file_name": "027.png", "width": 640, "height": 546, "id": 26}, {"license": 0, "file_name": "028.png", "width": 640, "height": 546, "id": 27}, {"license": 0, "file_name": "029.png", "width": 640, "height": 546, "id": 28}, {"license": 0, "file_name": "030.png", "width": 640, "height": 546, "id": 29}, {"license": 0, "file_name": "031.png", "width": 640, "height": 546, "id": 30}, {"license": 0, "file_name": "032.png", "width": 640, "height": 546, "id": 31}, {"license": 0, "file_name": "033.png", "width": 640, "height": 546, "id": 32}, {"license": 0, "file_name": "034.png", "width": 640, "height": 546, "id": 33}, {"license": 0, "file_name": "035.png", "width": 640, "height": 546, "id": 34}, {"license": 0, "file_name": "036.png", "width": 640, "height": 360, "id": 35}, {"license": 0, "file_name": "037.png", "width": 640, "height": 360, "id": 36}, {"license": 0, "file_name": "038.png", "width": 640, "height": 360, "id": 37}, {"license": 0, "file_name": "039.png", "width": 640, "height": 360, "id": 38}, {"license": 0, "file_name": "040.png", "width": 640, "height": 360, "id": 39}, {"license": 0, "file_name": "041.png", "width": 640, "height": 360, "id": 40}, {"license": 0, "file_name": "042.png", "width": 640, "height": 360, "id": 41}, {"license": 0, "file_name": "043.png", "width": 640, "height": 360, "id": 42}, {"license": 0, "file_name": "044.png", "width": 640, "height": 360, "id": 43}, {"license": 0, "file_name": "045.png", "width": 640, "height": 360, "id": 44}, {"license": 0, "file_name": "046.png", "width": 640, "height": 360, "id": 45}, {"license": 0, "file_name": "047.png", "width": 640, "height": 360, "id": 46}, {"license": 0, "file_name": "048.png", "width": 640, "height": 360, "id": 47}, {"license": 0, "file_name": "049.png", "width": 640, "height": 360, "id": 48}, {"license": 0, "file_name": "050.png", "width": 640, "height": 360, "id": 49}, {"license": 0, "file_name": "051.png", "width": 640, "height": 360, "id": 50}, {"license": 0, "file_name": "052.png", "width": 640, "height": 360, "id": 51}, {"license": 0, "file_name": "053.png", "width": 640, "height": 360, "id": 52}, {"license": 0, "file_name": "054.png", "width": 640, "height": 360, "id": 53}, {"license": 0, "file_name": "055.png", "width": 640, "height": 360, "id": 54}, {"license": 0, "file_name": "056.png", "width": 640, "height": 360, "id": 55}, {"license": 0, "file_name": "057.png", "width": 640, "height": 360, "id": 56}, {"license": 0, "file_name": "058.png", "width": 640, "height": 360, "id": 57}, {"license": 0, "file_name": "059.png", "width": 640, "height": 360, "id": 58}, {"license": 0, "file_name": "060.png", "width": 640, "height": 360, "id": 59}, {"license": 0, "file_name": "061.png", "width": 640, "height": 360, "id": 60}, {"license": 0, "file_name": "062.png", "width": 640, "height": 360, "id": 61}, {"license": 0, "file_name": "063.png", "width": 640, "height": 360, "id": 62}, {"license": 0, "file_name": "064.png", "width": 640, "height": 360, "id": 63}, {"license": 0, "file_name": "065.png", "width": 640, "height": 360, "id": 64}], "annotations": [{"segmentation": [[612.0, 266.5, 613.5, 86.0, 482.0, 85.5, 481.5, 266.0, 612.0, 266.5]], "iscrowd": 0, "image_id": 0, "category_id": 1, "id": 0, "bbox": [481.5, 85.5, 132.0, 181.0], "area": 23646.0}, {"segmentation": [[615.0, 353.5, 614.5, 95.0, 593.0, 94.5, 482.0, 99.5, 482.5, 353.0, 615.0, 353.5]], "iscrowd": 0, "image_id": 1, "category_id": 1, "id": 1, "bbox": [482.0, 94.5, 133.0, 259.0], "area": 34002.5}, {"segmentation": [[488.0, 329.5, 616.0, 328.5, 615.5, 278.0, 485.0, 276.5, 484.5, 329.0, 488.0, 329.5]], "iscrowd": 0, "image_id": 2, "category_id": 1, "id": 2, "bbox": [484.5, 276.5, 131.5, 53.0], "area": 6780.25}, {"segmentation": [[483.0, 429.5, 632.5, 427.0, 634.0, 109.5, 482.5, 113.0, 481.5, 429.0, 483.0, 429.5]], "iscrowd": 0, "image_id": 3, "category_id": 1, "id": 3, "bbox": [481.5, 109.5, 152.5, 320.0], "area": 47944.25}, {"segmentation": [[618.0, 437.5, 615.5, 45.0, 591.0, 44.5, 487.0, 48.5, 484.5, 435.0, 618.0, 437.5]], "iscrowd": 0, "image_id": 4, "category_id": 1, "id": 4, "bbox": [484.5, 44.5, 133.5, 393.0], "area": 51099.5}, {"segmentation": [[606.0, 195.5, 607.0, 98.5, 471.5, 95.0, 471.0, 193.5, 606.0, 195.5]], "iscrowd": 0, "image_id": 5, "category_id": 1, "id": 5, "bbox": [471.0, 95.0, 136.0, 100.5], "area": 13222.75}, {"segmentation": [[616.0, 428.5, 614.5, 99.0, 485.0, 100.5, 484.5, 428.0, 616.0, 428.5]], "iscrowd": 0, "image_id": 6, "category_id": 1, "id": 6, "bbox": [484.5, 99.0, 131.5, 329.5], "area": 42869.5}, {"segmentation": [[488.0, 222.5, 613.5, 221.0, 612.0, 86.5, 483.5, 88.0, 484.5, 222.0, 488.0, 222.5]], "iscrowd": 0, "image_id": 7, "category_id": 1, "id": 7, "bbox": [483.5, 86.5, 130.0, 136.0], "area": 17320.25}, {"segmentation": [[617.0, 382.5, 614.5, 121.0, 484.0, 117.5, 482.5, 381.0, 617.0, 382.5]], "iscrowd": 0, "image_id": 8, "category_id": 1, "id": 8, "bbox": [482.5, 117.5, 134.5, 265.0], "area": 34780.0}, {"segmentation": [[614.0, 364.5, 615.5, 52.0, 480.0, 53.5, 483.5, 364.0, 614.0, 364.5]], "iscrowd": 0, "image_id": 9, "category_id": 1, "id": 9, "bbox": [480.0, 52.0, 135.5, 312.5], "area": 41430.0}, {"segmentation": [[486.0, 252.5, 614.5, 251.0, 613.0, 99.5, 480.5, 100.0, 482.5, 252.0, 486.0, 252.5]], "iscrowd": 0, "image_id": 10, "category_id": 1, "id": 10, "bbox": [480.5, 99.5, 134.0, 153.0], "area": 20105.0}, {"segmentation": [[483.0, 423.5, 617.5, 421.0, 615.0, 106.5, 481.5, 110.0, 481.5, 423.0, 483.0, 423.5]], "iscrowd": 0, "image_id": 11, "category_id": 1, "id": 11, "bbox": [481.5, 106.5, 136.0, 317.0], "area": 42316.75}, {"segmentation": [[615.0, 373.5, 612.5, 99.0, 483.0, 99.5, 484.5, 372.0, 615.0, 373.5]], "iscrowd": 0, "image_id": 12, "category_id": 1, "id": 12, "bbox": [483.0, 99.0, 132.0, 274.5], "area": 35554.0}, {"segmentation": [[618.0, 275.5, 616.5, 84.0, 590.0, 83.5, 483.0, 87.5, 484.5, 273.0, 618.0, 275.5]], "iscrowd": 0, "image_id": 13, "category_id": 1, "id": 13, "bbox": [483.0, 83.5, 135.0, 192.0], "area": 25245.25}, {"segmentation": [[613.0, 203.5, 612.0, 109.5, 482.5, 108.0, 484.0, 201.5, 613.0, 203.5]], "iscrowd": 0, "image_id": 14, "category_id": 1, "id": 14, "bbox": [482.5, 108.0, 130.5, 95.5], "area": 12115.0}, {"segmentation": [[618.0, 156.5, 617.0, 63.5, 482.5, 66.0, 483.0, 156.5, 618.0, 156.5]], "iscrowd": 0, "image_id": 15, "category_id": 1, "id": 15, "bbox": [482.5, 63.5, 135.5, 93.0], "area": 12364.25}, {"segmentation": [[617.0, 198.5, 617.0, 94.5, 480.5, 95.0, 481.0, 198.5, 617.0, 198.5]], "iscrowd": 0, "image_id": 16, "category_id": 1, "id": 16, "bbox": [480.5, 94.5, 136.5, 104.0], "area": 14136.0}, {"segmentation": [[612.0, 219.5, 612.0, 169.5, 484.5, 169.0, 485.0, 219.5, 612.0, 219.5]], "iscrowd": 0, "image_id": 17, "category_id": 1, "id": 17, "bbox": [484.5, 169.0, 127.5, 50.5], "area": 6394.25}, {"segmentation": [[616.0, 347.5, 618.5, 113.0, 485.0, 112.5, 481.5, 346.0, 616.0, 347.5]], "iscrowd": 0, "image_id": 18, "category_id": 1, "id": 18, "bbox": [481.5, 112.5, 137.0, 235.0], "area": 31359.0}, {"segmentation": [[616.0, 216.5, 616.5, 72.0, 483.0, 72.5, 482.5, 216.0, 616.0, 216.5]], "iscrowd": 0, "image_id": 19, "category_id": 1, "id": 19, "bbox": [482.5, 72.0, 134.0, 144.5], "area": 19224.0}, {"segmentation": [[614.0, 454.5, 613.5, 80.0, 484.0, 80.5, 480.5, 451.0, 614.0, 454.5]], "iscrowd": 0, "image_id": 20, "category_id": 1, "id": 20, "bbox": [480.5, 80.0, 133.5, 374.5], "area": 48986.0}, {"segmentation": [[528.0, 240.5, 616.5, 238.0, 616.0, 94.5, 482.5, 93.0, 481.5, 240.0, 528.0, 240.5]], "iscrowd": 0, "image_id": 21, "category_id": 1, "id": 21, "bbox": [481.5, 93.0, 135.0, 147.5], "area": 19580.0}, {"segmentation": [[486.0, 370.5, 611.5, 369.0, 613.0, 95.5, 484.5, 97.0, 482.5, 370.0, 486.0, 370.5]], "iscrowd": 0, "image_id": 22, "category_id": 1, "id": 22, "bbox": [482.5, 95.5, 130.5, 275.0], "area": 35212.75}, {"segmentation": [[616.0, 366.5, 616.5, 312.0, 612.5, 95.0, 481.0, 95.5, 483.5, 365.0, 616.0, 366.5]], "iscrowd": 0, "image_id": 23, "category_id": 1, "id": 23, "bbox": [481.0, 95.0, 135.5, 271.5], "area": 35867.75}, {"segmentation": [[483.0, 394.5, 617.5, 392.0, 618.0, 80.5, 480.5, 78.0, 481.5, 394.0, 483.0, 394.5]], "iscrowd": 0, "image_id": 24, "category_id": 1, "id": 24, "bbox": [480.5, 78.0, 137.5, 316.5], "area": 42940.75}, {"segmentation": [[611.0, 379.5, 611.5, 150.0, 483.0, 151.5, 485.5, 379.0, 611.0, 379.5]], "iscrowd": 0, "image_id": 25, "category_id": 1, "id": 25, "bbox": [483.0, 150.0, 128.5, 229.5], "area": 29020.0}, {"segmentation": [[474.0, 234.5, 607.0, 233.5, 607.5, 219.0, 604.5, 175.0, 471.0, 173.5, 470.5, 234.0, 474.0, 234.5]], "iscrowd": 0, "image_id": 26, "category_id": 1, "id": 26, "bbox": [470.5, 173.5, 137.0, 61.0], "area": 8099.75}, {"segmentation": [[487.0, 512.5, 620.5, 511.0, 618.0, 102.5, 485.5, 102.0, 483.5, 512.0, 487.0, 512.5]], "iscrowd": 0, "image_id": 27, "category_id": 1, "id": 27, "bbox": [483.5, 102.0, 137.0, 410.5], "area": 55182.5}, {"segmentation": [[487.0, 315.5, 610.5, 313.0, 611.0, 122.5, 483.5, 123.0, 485.5, 315.0, 487.0, 315.5]], "iscrowd": 0, "image_id": 28, "category_id": 1, "id": 28, "bbox": [483.5, 122.5, 127.5, 193.0], "area": 24179.0}, {"segmentation": [[615.0, 223.5, 614.5, 84.0, 488.0, 84.5, 485.5, 221.0, 615.0, 223.5]], "iscrowd": 0, "image_id": 29, "category_id": 1, "id": 29, "bbox": [485.5, 84.0, 129.5, 139.5], "area": 17665.0}, {"segmentation": [[613.0, 156.5, 613.0, 104.5, 486.5, 105.0, 487.0, 156.5, 613.0, 156.5]], "iscrowd": 0, "image_id": 30, "category_id": 1, "id": 30, "bbox": [486.5, 104.5, 126.5, 52.0], "area": 6533.5}, {"segmentation": [[616.0, 292.5, 617.5, 101.0, 482.0, 100.5, 479.5, 289.0, 616.0, 292.5]], "iscrowd": 0, "image_id": 31, "category_id": 1, "id": 31, "bbox": [479.5, 100.5, 138.0, 192.0], "area": 25844.0}, {"segmentation": [[617.0, 238.5, 616.5, 96.0, 591.0, 95.5, 486.0, 99.5, 483.5, 236.0, 617.0, 238.5]], "iscrowd": 0, "image_id": 32, "category_id": 1, "id": 32, "bbox": [483.5, 95.5, 133.5, 143.0], "area": 18490.75}, {"segmentation": [[617.0, 284.5, 616.5, 142.0, 591.0, 141.5, 483.0, 145.5, 484.5, 284.0, 617.0, 284.5]], "iscrowd": 0, "image_id": 33, "category_id": 1, "id": 33, "bbox": [483.0, 141.5, 134.0, 143.0], "area": 18766.0}, {"segmentation": [[617.0, 386.5, 616.0, 284.5, 482.5, 285.0, 484.0, 385.5, 617.0, 386.5]], "iscrowd": 0, "image_id": 34, "category_id": 1, "id": 34, "bbox": [482.5, 284.5, 134.5, 102.0], "area": 13491.25}, {"segmentation": [[504.0, 156.5, 504.0, 108.5, 411.5, 109.0, 412.0, 155.5, 504.0, 156.5]], "iscrowd": 0, "image_id": 35, "category_id": 2, "id": 35, "bbox": [411.5, 108.5, 92.5, 48.0], "area": 4358.75}, {"segmentation": [[502.0, 238.5, 504.5, 110.0, 412.0, 111.5, 412.5, 236.0, 502.0, 238.5]], "iscrowd": 0, "image_id": 36, "category_id": 2, "id": 36, "bbox": [412.0, 110.0, 92.5, 128.5], "area": 11512.0}, {"segmentation": [[505.0, 195.5, 505.0, 110.5, 412.5, 109.0, 412.0, 195.5, 505.0, 195.5]], "iscrowd": 0, "image_id": 37, "category_id": 2, "id": 37, "bbox": [412.0, 109.0, 93.0, 86.5], "area": 7953.5}, {"segmentation": [[415.0, 164.5, 502.0, 163.5, 502.5, 118.0, 413.0, 117.5, 412.5, 164.0, 415.0, 164.5]], "iscrowd": 0, "image_id": 38, "category_id": 2, "id": 38, "bbox": [412.5, 117.5, 90.0, 47.0], "area": 4140.0}, {"segmentation": [[505.0, 324.5, 503.5, 96.0, 411.0, 95.5, 412.5, 323.0, 505.0, 324.5]], "iscrowd": 0, "image_id": 39, "category_id": 2, "id": 39, "bbox": [411.0, 95.5, 94.0, 229.0], "area": 21088.5}, {"segmentation": [[414.0, 323.5, 500.5, 322.0, 500.0, 90.5, 410.5, 93.0, 411.5, 323.0, 414.0, 323.5]], "iscrowd": 0, "image_id": 40, "category_id": 2, "id": 40, "bbox": [410.5, 90.5, 90.0, 233.0], "area": 20619.25}, {"segmentation": [[501.0, 289.5, 499.5, 91.0, 485.0, 90.5, 411.0, 95.5, 413.5, 289.0, 501.0, 289.5]], "iscrowd": 0, "image_id": 41, "category_id": 2, "id": 41, "bbox": [411.0, 90.5, 90.0, 199.0], "area": 17306.75}, {"segmentation": [[502.0, 282.5, 501.5, 114.0, 480.0, 113.5, 411.0, 116.5, 412.5, 281.0, 502.0, 282.5]], "iscrowd": 0, "image_id": 42, "category_id": 2, "id": 42, "bbox": [411.0, 113.5, 91.0, 169.0], "area": 15035.0}, {"segmentation": [[413.0, 234.5, 505.5, 233.0, 505.0, 110.5, 410.5, 113.0, 410.5, 234.0, 413.0, 234.5]], "iscrowd": 0, "image_id": 43, "category_id": 2, "id": 43, "bbox": [410.5, 110.5, 95.0, 124.0], "area": 11561.25}, {"segmentation": [[414.0, 200.5, 506.5, 199.0, 505.0, 108.5, 411.5, 113.0, 411.5, 200.0, 414.0, 200.5]], "iscrowd": 0, "image_id": 44, "category_id": 2, "id": 44, "bbox": [411.5, 108.5, 95.0, 92.0], "area": 8391.75}, {"segmentation": [[503.0, 279.5, 502.5, 120.0, 412.0, 119.5, 413.5, 279.0, 503.0, 279.5]], "iscrowd": 0, "image_id": 45, "category_id": 2, "id": 45, "bbox": [412.0, 119.5, 91.0, 160.0], "area": 14354.5}, {"segmentation": [[410.0, 220.5, 504.0, 218.5, 503.5, 129.0, 410.0, 128.5, 410.0, 220.5]], "iscrowd": 0, "image_id": 46, "category_id": 2, "id": 46, "bbox": [410.0, 128.5, 94.0, 92.0], "area": 8508.0}, {"segmentation": [[410.0, 224.5, 503.0, 222.5, 502.5, 171.0, 480.0, 170.5, 410.0, 173.5, 410.0, 224.5]], "iscrowd": 0, "image_id": 47, "category_id": 2, "id": 47, "bbox": [410.0, 170.5, 93.0, 54.0], "area": 4805.25}, {"segmentation": [[413.0, 322.5, 503.5, 320.0, 503.0, 88.5, 410.5, 90.0, 413.0, 322.5]], "iscrowd": 0, "image_id": 48, "category_id": 2, "id": 48, "bbox": [410.5, 88.5, 93.0, 234.0], "area": 21231.0}, {"segmentation": [[504.0, 304.5, 504.5, 105.0, 410.0, 105.5, 411.5, 303.0, 504.0, 304.5]], "iscrowd": 0, "image_id": 49, "category_id": 2, "id": 49, "bbox": [410.0, 105.0, 94.5, 199.5], "area": 18559.5}, {"segmentation": [[414.0, 282.5, 504.5, 281.0, 503.0, 118.5, 409.5, 121.0, 411.5, 282.0, 414.0, 282.5]], "iscrowd": 0, "image_id": 50, "category_id": 2, "id": 50, "bbox": [409.5, 118.5, 95.0, 164.0], "area": 15110.75}, {"segmentation": [[413.0, 268.5, 505.5, 267.0, 504.0, 109.5, 410.5, 112.0, 410.5, 268.0, 413.0, 268.5]], "iscrowd": 0, "image_id": 51, "category_id": 2, "id": 51, "bbox": [410.5, 109.5, 95.0, 159.0], "area": 14800.0}, {"segmentation": [[414.0, 171.5, 500.0, 170.5, 500.5, 89.0, 413.0, 87.5, 412.5, 171.0, 414.0, 171.5]], "iscrowd": 0, "image_id": 52, "category_id": 2, "id": 52, "bbox": [412.5, 87.5, 88.0, 84.0], "area": 7241.25}, {"segmentation": [[411.0, 218.5, 500.0, 216.5, 501.5, 166.0, 480.0, 165.5, 411.0, 168.5, 411.0, 218.5]], "iscrowd": 0, "image_id": 53, "category_id": 2, "id": 53, "bbox": [411.0, 165.5, 90.5, 53.0], "area": 4557.75}, {"segmentation": [[500.0, 329.5, 499.5, 97.0, 482.0, 96.5, 410.0, 100.5, 411.5, 328.0, 500.0, 329.5]], "iscrowd": 0, "image_id": 54, "category_id": 2, "id": 54, "bbox": [410.0, 96.5, 90.0, 233.0], "area": 20524.0}, {"segmentation": [[412.0, 268.5, 503.5, 267.0, 504.0, 112.5, 409.5, 113.0, 409.5, 268.0, 412.0, 268.5]], "iscrowd": 0, "image_id": 55, "category_id": 2, "id": 55, "bbox": [409.5, 112.5, 94.5, 156.0], "area": 14609.75}, {"segmentation": [[504.0, 284.5, 502.5, 109.0, 485.0, 108.5, 411.0, 112.5, 410.5, 170.0, 412.5, 284.0, 504.0, 284.5]], "iscrowd": 0, "image_id": 56, "category_id": 2, "id": 56, "bbox": [410.5, 108.5, 93.5, 176.0], "area": 16017.0}, {"segmentation": [[413.0, 146.5, 501.0, 145.5, 501.5, 98.0, 410.0, 98.5, 410.5, 146.0, 413.0, 146.5]], "iscrowd": 0, "image_id": 57, "category_id": 2, "id": 57, "bbox": [410.0, 98.0, 91.5, 48.5], "area": 4345.75}, {"segmentation": [[502.0, 323.5, 501.5, 84.0, 484.0, 83.5, 411.0, 87.5, 410.5, 323.0, 502.0, 323.5]], "iscrowd": 0, "image_id": 58, "category_id": 2, "id": 58, "bbox": [410.5, 83.5, 91.5, 240.0], "area": 21665.75}, {"segmentation": [[503.0, 321.5, 503.5, 112.0, 409.0, 110.5, 406.5, 321.0, 503.0, 321.5]], "iscrowd": 0, "image_id": 59, "category_id": 2, "id": 59, "bbox": [406.5, 110.5, 97.0, 211.0], "area": 20056.5}, {"segmentation": [[413.0, 261.5, 501.5, 260.0, 501.0, 101.5, 409.5, 103.0, 410.5, 261.0, 413.0, 261.5]], "iscrowd": 0, "image_id": 60, "category_id": 2, "id": 60, "bbox": [409.5, 101.5, 92.0, 160.0], "area": 14465.25}, {"segmentation": [[502.0, 261.5, 500.5, 110.0, 483.0, 109.5, 410.0, 113.5, 411.5, 261.0, 502.0, 261.5]], "iscrowd": 0, "image_id": 61, "category_id": 2, "id": 61, "bbox": [410.0, 109.5, 92.0, 152.0], "area": 13585.25}, {"segmentation": [[413.0, 239.5, 502.5, 238.0, 503.0, 136.5, 410.5, 137.0, 410.5, 239.0, 413.0, 239.5]], "iscrowd": 0, "image_id": 62, "category_id": 2, "id": 62, "bbox": [410.5, 136.5, 92.5, 103.0], "area": 9410.5}, {"segmentation": [[412.0, 160.5, 499.0, 159.5, 499.5, 113.0, 410.0, 111.5, 409.5, 160.0, 412.0, 160.5]], "iscrowd": 0, "image_id": 63, "category_id": 2, "id": 63, "bbox": [409.5, 111.5, 90.0, 49.0], "area": 4274.5}, {"segmentation": [[503.0, 328.5, 503.5, 94.0, 481.0, 93.5, 411.0, 96.5, 411.5, 328.0, 503.0, 328.5]], "iscrowd": 0, "image_id": 64, "category_id": 2, "id": 64, "bbox": [411.0, 93.5, 92.5, 235.0], "area": 21487.25}], "categories": [{"supercategory": "GoogleDocs", "id": 1, "name": "comments"}, {"supercategory": "wordDocs", "id": 2, "name": "description"}]}